{
    "shape": [
        200,
        200,
        60
    ],
    "x_min": -19.9,
    "x_max": 19.9,
    "y_min": -19.9,
    "y_max": 19.9,
    "z_min": 0.0375,
    "z_max": 4.4625,
    "dx": 0.1999999999999993,
    "dy": 0.1999999999999993,
    "dz": 0.07500000000000001,
    "unit": "track_length_m",
    "smoothing_sigma_voxels": 1.0,
    "storage_order": "tensor[ix, iy, iz]",
    "interpolation": "trilinear"
}